Cluster,Type
0,Site d'Intérêt
1,Site d'Intérêt
2,Site d'Intérêt
4,Site d'Intérêt
5,Site d'Intérêt
6,Site d'Intérêt
7,Site d'Intérêt
8,Site d'Intérêt
9,Site d'Intérêt
10,Site d'Intérêt
11,Site d'Intérêt
12,Site d'Intérêt
13,Site d'Intérêt
14,Site d'Intérêt
15,Site d'Intérêt
16,Site d'Intérêt
17,Site d'Intérêt
18,Site d'Intérêt
19,Site d'Intérêt
20,Site d'Intérêt
22,Site d'Intérêt
23,Site d'Intérêt
24,Site d'Intérêt
26,Site d'Intérêt
27,Site d'Intérêt
28,Site d'Intérêt
29,Site d'Intérêt
30,Site d'Intérêt
31,Site d'Intérêt
32,Site d'Intérêt
33,Site d'Intérêt
34,Site d'Intérêt
35,Site d'Intérêt
36,Site d'Intérêt
38,Site d'Intérêt
39,Site d'Intérêt
40,Site d'Intérêt
41,Site d'Intérêt
42,Site d'Intérêt
43,Site d'Intérêt
44,Site d'Intérêt
45,Site d'Intérêt
47,Site d'Intérêt
48,Site d'Intérêt
52,Site d'Intérêt
53,Site d'Intérêt
55,Site d'Intérêt
56,Site d'Intérêt
57,Site d'Intérêt
58,Site d'Intérêt
60,Site d'Intérêt
61,Site d'Intérêt
62,Site d'Intérêt
63,Site d'Intérêt
64,Site d'Intérêt
66,Site d'Intérêt
68,Site d'Intérêt
69,Site d'Intérêt
70,Site d'Intérêt
71,Site d'Intérêt
73,Site d'Intérêt
74,Site d'Intérêt
77,Site d'Intérêt
78,Site d'Intérêt
81,Site d'Intérêt
82,Site d'Intérêt
85,Site d'Intérêt
90,Site d'Intérêt
91,Site d'Intérêt
94,Site d'Intérêt
95,Site d'Intérêt
96,Site d'Intérêt
97,Site d'Intérêt
98,Site d'Intérêt
99,Site d'Intérêt
100,Site d'Intérêt
101,Site d'Intérêt
103,Site d'Intérêt
104,Site d'Intérêt
106,Site d'Intérêt
107,Site d'Intérêt
111,Site d'Intérêt
112,Site d'Intérêt
114,Site d'Intérêt
115,Site d'Intérêt
117,Site d'Intérêt
118,Site d'Intérêt
119,Site d'Intérêt
120,Site d'Intérêt
121,Site d'Intérêt
124,Site d'Intérêt
125,Site d'Intérêt
126,Site d'Intérêt
129,Site d'Intérêt
131,Site d'Intérêt
132,Site d'Intérêt
134,Site d'Intérêt
136,Site d'Intérêt
142,Site d'Intérêt
143,Site d'Intérêt
144,Site d'Intérêt
146,Site d'Intérêt
147,Site d'Intérêt
148,Site d'Intérêt
149,Site d'Intérêt
150,Site d'Intérêt
151,Site d'Intérêt
155,Site d'Intérêt
158,Site d'Intérêt
160,Site d'Intérêt
163,Site d'Intérêt
165,Site d'Intérêt
168,Site d'Intérêt
169,Site d'Intérêt
172,Site d'Intérêt
173,Site d'Intérêt
174,Site d'Intérêt
175,Site d'Intérêt
176,Site d'Intérêt
180,Site d'Intérêt
181,Site d'Intérêt
182,Site d'Intérêt
184,Site d'Intérêt
185,Site d'Intérêt
187,Événement Temporaire
188,Événement Temporaire
190,Site d'Intérêt
191,Événement Temporaire
192,Site d'Intérêt
196,Site d'Intérêt
198,Site d'Intérêt
200,Site d'Intérêt
203,Site d'Intérêt
204,Site d'Intérêt
205,Site d'Intérêt
206,Site d'Intérêt
207,Site d'Intérêt
211,Site d'Intérêt
217,Site d'Intérêt
218,Événement Temporaire
220,Site d'Intérêt
221,Site d'Intérêt
223,Site d'Intérêt
225,Site d'Intérêt
227,Site d'Intérêt
228,Site d'Intérêt
236,Événement Temporaire
238,Site d'Intérêt
239,Site d'Intérêt
240,Site d'Intérêt
242,Site d'Intérêt
243,Site d'Intérêt
244,Site d'Intérêt
247,Site d'Intérêt
249,Site d'Intérêt
250,Site d'Intérêt
254,Site d'Intérêt
256,Site d'Intérêt
258,Site d'Intérêt
259,Site d'Intérêt
262,Site d'Intérêt
263,Site d'Intérêt
265,Site d'Intérêt
268,Événement Temporaire
271,Site d'Intérêt
272,Site d'Intérêt
277,Site d'Intérêt
280,Événement Temporaire
289,Site d'Intérêt
293,Événement Temporaire
297,Événement Temporaire
298,Site d'Intérêt
299,Événement Temporaire
301,Site d'Intérêt
308,Événement Temporaire
313,Événement Temporaire
319,Site d'Intérêt
321,Site d'Intérêt
